-- phpMyAdmin SQL Dump
-- version 5.2.1
-- https://www.phpmyadmin.net/
--
-- Host: 127.0.0.1
-- Generation Time: Nov 26, 2024 at 12:07 PM
-- Server version: 10.4.32-MariaDB
-- PHP Version: 8.2.12

SET SQL_MODE = "NO_AUTO_VALUE_ON_ZERO";
START TRANSACTION;
SET time_zone = "+00:00";


/*!40101 SET @OLD_CHARACTER_SET_CLIENT=@@CHARACTER_SET_CLIENT */;
/*!40101 SET @OLD_CHARACTER_SET_RESULTS=@@CHARACTER_SET_RESULTS */;
/*!40101 SET @OLD_COLLATION_CONNECTION=@@COLLATION_CONNECTION */;
/*!40101 SET NAMES utf8mb4 */;

--
-- Database: `thendral`
--

-- --------------------------------------------------------

--
-- Table structure for table `accounts_collect_entry`
--

CREATE TABLE `accounts_collect_entry` (
  `id` int(11) NOT NULL,
  `user_id` int(11) NOT NULL,
  `branch` varchar(50) NOT NULL,
  `coll_mode` int(11) NOT NULL,
  `bank_id` varchar(50) DEFAULT NULL,
  `no_of_customers` int(11) NOT NULL,
  `collection_amnt` varchar(150) NOT NULL,
  `insert_login_id` int(11) NOT NULL,
  `created_on` datetime DEFAULT NULL
) ENGINE=InnoDB DEFAULT CHARSET=utf8mb4 COLLATE=utf8mb4_general_ci;

-- --------------------------------------------------------

--
-- Table structure for table `auction_details`
--

CREATE TABLE `auction_details` (
  `id` int(11) NOT NULL,
  `group_id` varchar(100) NOT NULL,
  `date` date NOT NULL,
  `auction_month` int(11) NOT NULL,
  `low_value` varchar(100) NOT NULL,
  `high_value` varchar(100) NOT NULL,
  `status` varchar(100) NOT NULL,
  `cus_name` varchar(100) DEFAULT NULL,
  `auction_value` varchar(100) DEFAULT NULL,
  `chit_amount` varchar(100) DEFAULT NULL,
  `insert_login_id` int(11) DEFAULT NULL,
  `update_login_id` int(11) DEFAULT NULL,
  `created_on` date DEFAULT NULL,
  `updated_on` date DEFAULT NULL
) ENGINE=InnoDB DEFAULT CHARSET=utf8mb4 COLLATE=utf8mb4_general_ci;

-- --------------------------------------------------------

--
-- Table structure for table `auction_modal`
--

CREATE TABLE `auction_modal` (
  `id` int(11) NOT NULL,
  `auction_id` int(11) NOT NULL,
  `group_id` varchar(100) NOT NULL,
  `date` varchar(100) NOT NULL,
  `cus_name` varchar(100) NOT NULL,
  `value` int(11) NOT NULL,
  `inserted_login_id` int(11) DEFAULT NULL,
  `created_on` date DEFAULT NULL
) ENGINE=InnoDB DEFAULT CHARSET=utf8mb4 COLLATE=utf8mb4_general_ci;

-- --------------------------------------------------------

--
-- Table structure for table `bank_creation`
--

CREATE TABLE `bank_creation` (
  `id` int(11) NOT NULL,
  `bank_name` varchar(100) NOT NULL,
  `bank_short_name` varchar(100) NOT NULL,
  `account_number` varchar(100) NOT NULL,
  `ifsc_code` varchar(100) NOT NULL,
  `branch_name` varchar(100) NOT NULL,
  `qr_code` varchar(100) NOT NULL,
  `gpay` varchar(100) NOT NULL,
  `under_branch` varchar(255) NOT NULL,
  `status` varchar(100) NOT NULL DEFAULT '1',
  `insert_login_id` varchar(100) DEFAULT NULL,
  `update_login_id` varchar(100) DEFAULT NULL,
  `created_date` datetime NOT NULL,
  `updated_date` date DEFAULT NULL
) ENGINE=InnoDB DEFAULT CHARSET=utf8mb4 COLLATE=utf8mb4_general_ci;

--
-- Dumping data for table `bank_creation`
--

INSERT INTO `bank_creation` (`id`, `bank_name`, `bank_short_name`, `account_number`, `ifsc_code`, `branch_name`, `qr_code`, `gpay`, `under_branch`, `status`, `insert_login_id`, `update_login_id`, `created_date`, `updated_date`) VALUES
(1, 'State Bank of India', 'SBI', '31728991324', 'SBIN0001018', 'Vedasandur', '', '', '3', '1', '1', '1', '2024-10-22 17:28:38', '2024-11-09');

-- --------------------------------------------------------

--
-- Table structure for table `branch_creation`
--

CREATE TABLE `branch_creation` (
  `id` int(11) NOT NULL,
  `company_name` varchar(255) NOT NULL,
  `branch_code` varchar(50) NOT NULL,
  `branch_name` varchar(100) NOT NULL,
  `address` varchar(100) NOT NULL,
  `state` int(11) NOT NULL,
  `district` int(11) NOT NULL,
  `taluk` int(11) NOT NULL,
  `place` varchar(100) NOT NULL,
  `pincode` varchar(100) NOT NULL,
  `email_id` varchar(100) NOT NULL,
  `mobile_number` varchar(100) NOT NULL,
  `whatsapp` varchar(100) NOT NULL,
  `landline_code` varchar(50) DEFAULT NULL,
  `landline` varchar(100) NOT NULL,
  `insert_login_id` int(11) DEFAULT NULL,
  `update_login_id` int(11) DEFAULT NULL,
  `created_date` datetime NOT NULL DEFAULT current_timestamp(),
  `updated_date` date DEFAULT NULL
) ENGINE=InnoDB DEFAULT CHARSET=utf8mb4 COLLATE=utf8mb4_general_ci;

--
-- Dumping data for table `branch_creation`
--

INSERT INTO `branch_creation` (`id`, `company_name`, `branch_code`, `branch_name`, `address`, `state`, `district`, `taluk`, `place`, `pincode`, `email_id`, `mobile_number`, `whatsapp`, `landline_code`, `landline`, `insert_login_id`, `update_login_id`, `created_date`, `updated_date`) VALUES
(3, 'Thendral', 'T-103', 'Vedasandur', '', 1, 7, 66, 'Vedasandur', '624710', '', '', '', '', '', 1, 1, '2024-11-08 15:58:21', '2024-11-08');

-- --------------------------------------------------------

--
-- Table structure for table `collection`
--

CREATE TABLE `collection` (
  `id` int(11) NOT NULL,
  `cus_mapping_id` varchar(100) NOT NULL,
  `share_id` varchar(100) NOT NULL,
  `auction_id` int(11) NOT NULL,
  `group_id` varchar(100) NOT NULL,
  `cus_id` varchar(11) NOT NULL,
  `auction_month` varchar(100) NOT NULL,
  `chit_value` varchar(100) NOT NULL,
  `chit_amount` varchar(100) NOT NULL,
  `pending` varchar(100) NOT NULL,
  `payable` bigint(20) NOT NULL,
  `coll_status` varchar(100) NOT NULL,
  `collection_date` datetime DEFAULT current_timestamp(),
  `coll_mode` int(11) NOT NULL,
  `transaction_id` varchar(100) DEFAULT NULL,
  `bank_id` varchar(100) DEFAULT NULL,
  `collection_amount` bigint(20) NOT NULL,
  `insert_login_id` int(11) DEFAULT NULL,
  `update_login_id` int(11) DEFAULT NULL,
  `created_on` datetime DEFAULT NULL,
  `updated_on` date DEFAULT NULL
) ENGINE=InnoDB DEFAULT CHARSET=utf8mb4 COLLATE=utf8mb4_general_ci;

-- --------------------------------------------------------

--
-- Table structure for table `commitment_info`
--

CREATE TABLE `commitment_info` (
  `id` int(11) NOT NULL,
  `cus_mapping_id` int(11) NOT NULL,
  `share_id` int(11) NOT NULL,
  `group_id` varchar(100) NOT NULL,
  `label` varchar(100) NOT NULL,
  `remark` varchar(100) NOT NULL,
  `commitment_date` varchar(100) DEFAULT NULL,
  `insert_login_id` int(11) NOT NULL,
  `created_on` date DEFAULT NULL
) ENGINE=InnoDB DEFAULT CHARSET=utf8mb4 COLLATE=utf8mb4_general_ci;

-- --------------------------------------------------------

--
-- Table structure for table `company_creation`
--

CREATE TABLE `company_creation` (
  `id` int(11) NOT NULL,
  `company_name` varchar(255) DEFAULT NULL,
  `address` varchar(255) DEFAULT NULL,
  `state` int(11) DEFAULT NULL,
  `district` int(11) DEFAULT NULL,
  `taluk` int(11) DEFAULT NULL,
  `place` varchar(255) DEFAULT NULL,
  `pincode` varchar(255) DEFAULT NULL,
  `website` varchar(255) DEFAULT NULL,
  `mailid` varchar(255) DEFAULT NULL,
  `mobile` varchar(255) DEFAULT NULL,
  `whatsapp` varchar(255) DEFAULT NULL,
  `landline_code` varchar(100) DEFAULT NULL,
  `landline` varchar(255) DEFAULT NULL,
  `status` int(11) NOT NULL DEFAULT 1,
  `insert_user_id` int(11) DEFAULT NULL,
  `update_user_id` int(11) DEFAULT NULL,
  `created_date` datetime DEFAULT current_timestamp(),
  `updated_date` date DEFAULT NULL
) ENGINE=InnoDB DEFAULT CHARSET=utf8mb4 COLLATE=utf8mb4_general_ci;

--
-- Dumping data for table `company_creation`
--

INSERT INTO `company_creation` (`id`, `company_name`, `address`, `state`, `district`, `taluk`, `place`, `pincode`, `website`, `mailid`, `mobile`, `whatsapp`, `landline_code`, `landline`, `status`, `insert_user_id`, `update_user_id`, `created_date`, `updated_date`) VALUES
(1, 'Thendral', 'Vedasandur', 1, 7, 66, 'Vedasandur', '631501', 'Kanchichits.com', '', '9876543210', '', '', '', 1, 1, 1, '2024-10-22 17:20:41', '2024-11-08');

-- --------------------------------------------------------

--
-- Table structure for table `customer_creation`
--

CREATE TABLE `customer_creation` (
  `id` int(11) NOT NULL,
  `reference_type` varchar(100) DEFAULT NULL,
  `cus_name` varchar(100) DEFAULT NULL,
  `ref_cus_id` varchar(100) DEFAULT NULL,
  `name` varchar(100) DEFAULT NULL,
  `mobile` varchar(100) DEFAULT NULL,
  `declaration` varchar(100) DEFAULT NULL,
  `cus_id` varchar(100) NOT NULL,
  `aadhar_number` varchar(100) NOT NULL,
  `first_name` varchar(100) NOT NULL,
  `last_name` varchar(100) NOT NULL,
  `dob` date DEFAULT NULL,
  `age` int(11) DEFAULT NULL,
  `place` int(11) NOT NULL,
  `mobile1` varchar(100) NOT NULL,
  `mobile2` varchar(100) DEFAULT NULL,
  `whatsapp` varchar(100) DEFAULT NULL,
  `address` varchar(255) NOT NULL,
  `native_address` varchar(255) DEFAULT NULL,
  `pic` varchar(100) DEFAULT NULL,
  `tot_income` varchar(100) NOT NULL,
  `chit_limit` varchar(100) NOT NULL,
  `reference` varchar(100) NOT NULL,
  `insert_login_id` int(11) DEFAULT NULL,
  `update_login_id` int(11) DEFAULT NULL,
  `created_on` date DEFAULT NULL,
  `updated_on` date DEFAULT NULL
) ENGINE=InnoDB DEFAULT CHARSET=utf8mb4 COLLATE=utf8mb4_general_ci;

-- --------------------------------------------------------

--
-- Table structure for table `denomination_table`
--

CREATE TABLE `denomination_table` (
  `id` int(11) NOT NULL,
  `closing_balance` varchar(100) NOT NULL,
  `hand_cash` varchar(100) NOT NULL,
  `created_on` date DEFAULT NULL,
  `inserted_login_id` int(11) NOT NULL
) ENGINE=InnoDB DEFAULT CHARSET=utf8mb4 COLLATE=utf8mb4_general_ci;

-- --------------------------------------------------------

--
-- Table structure for table `denom_refer_table`
--

CREATE TABLE `denom_refer_table` (
  `id` int(11) NOT NULL,
  `denom_id` int(11) NOT NULL,
  `amount` varchar(100) NOT NULL,
  `quantity` varchar(100) NOT NULL,
  `value` varchar(100) NOT NULL,
  `total_amount` varchar(100) NOT NULL,
  `insert_login_id` int(11) NOT NULL,
  `created_on` date DEFAULT NULL
) ENGINE=InnoDB DEFAULT CHARSET=utf8mb4 COLLATE=utf8mb4_general_ci;

-- --------------------------------------------------------

--
-- Table structure for table `designation`
--

CREATE TABLE `designation` (
  `id` int(11) NOT NULL,
  `designation` varchar(150) NOT NULL,
  `insert_login_id` int(11) DEFAULT NULL,
  `update_login_id` int(11) DEFAULT NULL,
  `created_on` date DEFAULT NULL,
  `updated_on` date DEFAULT NULL
) ENGINE=InnoDB DEFAULT CHARSET=utf8mb4 COLLATE=utf8mb4_general_ci;

-- --------------------------------------------------------

--
-- Table structure for table `districts`
--

CREATE TABLE `districts` (
  `id` int(11) NOT NULL,
  `state_id` int(11) NOT NULL,
  `district_name` varchar(50) NOT NULL,
  `status` int(11) NOT NULL DEFAULT 1
) ENGINE=InnoDB DEFAULT CHARSET=utf8mb4 COLLATE=utf8mb4_general_ci;

--
-- Dumping data for table `districts`
--

INSERT INTO `districts` (`id`, `state_id`, `district_name`, `status`) VALUES
(1, 1, 'Ariyalur', 1),
(2, 1, 'Chennai', 1),
(3, 1, 'Chengalpattu', 1),
(4, 1, 'Coimbatore', 1),
(5, 1, 'Cuddalore', 1),
(6, 1, 'Dharmapuri', 1),
(7, 1, 'Dindigul', 1),
(8, 1, 'Erode', 1),
(9, 1, 'Kallakurichi', 1),
(10, 1, 'Kancheepuram', 1),
(11, 1, 'Kanniyakumari', 1),
(12, 1, 'Karur', 1),
(13, 1, 'Krishnagiri', 1),
(14, 1, 'Madurai', 1),
(15, 1, 'Mayiladuthurai', 1),
(16, 1, 'Nagapattinam', 1),
(17, 1, 'Namakkal', 1),
(18, 1, 'Nilgiris', 1),
(19, 1, 'Perambalur', 1),
(20, 1, 'Pudukkottai', 1),
(21, 1, 'Ramanathapuram', 1),
(22, 1, 'Ranipet', 1),
(23, 1, 'Salem', 1),
(24, 1, 'Sivaganga', 1),
(25, 1, 'Tenkasi', 1),
(26, 1, 'Thanjavur', 1),
(27, 1, 'Theni', 1),
(28, 1, 'Thoothukudi', 1),
(29, 1, 'Tiruchirappalli', 1),
(30, 1, 'Tirunelveli', 1),
(31, 1, 'Tiruppur', 1),
(32, 1, 'Tirupathur', 1),
(33, 1, 'Tiruvallur', 1),
(34, 1, 'Tiruvannamalai', 1),
(35, 1, 'Tiruvarur', 1),
(36, 1, 'Vellore', 1),
(37, 1, 'Viluppuram', 1),
(38, 1, 'Virudhunagar', 1),
(39, 2, 'Puducherry', 1);

-- --------------------------------------------------------

--
-- Table structure for table `document_info`
--

CREATE TABLE `document_info` (
  `id` int(11) NOT NULL,
  `cus_id` varchar(100) NOT NULL,
  `auction_id` int(11) NOT NULL,
  `doc_name` varchar(150) NOT NULL,
  `doc_type` int(11) NOT NULL,
  `holder_name` varchar(100) DEFAULT NULL,
  `relationship` varchar(50) NOT NULL,
  `remarks` varchar(100) DEFAULT NULL,
  `upload` varchar(100) NOT NULL,
  `noc_status` int(11) NOT NULL DEFAULT 0,
  `date_of_noc` date DEFAULT NULL,
  `noc_member` varchar(150) DEFAULT NULL,
  `noc_relationship` varchar(150) DEFAULT NULL,
  `insert_login_id` int(11) NOT NULL,
  `update_login_id` int(11) DEFAULT NULL,
  `created_on` date DEFAULT NULL,
  `updated_on` date DEFAULT NULL
) ENGINE=InnoDB DEFAULT CHARSET=utf8mb4 COLLATE=utf8mb4_general_ci;

-- --------------------------------------------------------

--
-- Table structure for table `enquiry_creation`
--

CREATE TABLE `enquiry_creation` (
  `id` int(11) NOT NULL,
  `chit_value` int(11) NOT NULL,
  `total_month` int(11) NOT NULL,
  `insert_login_id` int(11) NOT NULL,
  `created_on` date NOT NULL
) ENGINE=InnoDB DEFAULT CHARSET=utf8mb4 COLLATE=utf8mb4_general_ci;

-- --------------------------------------------------------

--
-- Table structure for table `enquiry_creation_customer`
--

CREATE TABLE `enquiry_creation_customer` (
  `id` int(11) NOT NULL,
  `enquiry_creation_id` int(11) NOT NULL,
  `cus_name` varchar(150) NOT NULL,
  `cus_status` int(11) NOT NULL,
  `mobile_number` varchar(250) NOT NULL,
  `place` varchar(150) NOT NULL,
  `remarks` varchar(250) NOT NULL,
  `insert_login_id` int(11) NOT NULL,
  `creater_on` date NOT NULL
) ENGINE=InnoDB DEFAULT CHARSET=utf8mb4 COLLATE=utf8mb4_general_ci;

-- --------------------------------------------------------

--
-- Table structure for table `expenses`
--

CREATE TABLE `expenses` (
  `id` int(11) NOT NULL,
  `coll_mode` int(11) NOT NULL,
  `bank_id` varchar(11) DEFAULT NULL,
  `invoice_id` varchar(100) NOT NULL,
  `branch` int(11) NOT NULL,
  `expenses_category` varchar(50) NOT NULL,
  `description` varchar(255) NOT NULL,
  `amount` varchar(150) NOT NULL,
  `trans_id` varchar(150) NOT NULL,
  `insert_login_id` int(11) NOT NULL,
  `created_on` datetime DEFAULT NULL
) ENGINE=InnoDB DEFAULT CHARSET=utf8mb4 COLLATE=utf8mb4_general_ci;

-- --------------------------------------------------------

--
-- Table structure for table `family_info`
--

CREATE TABLE `family_info` (
  `id` int(11) NOT NULL,
  `cus_id` varchar(100) NOT NULL,
  `fam_name` varchar(100) NOT NULL,
  `fam_relationship` varchar(100) NOT NULL,
  `fam_age` varchar(100) DEFAULT NULL,
  `fam_live` varchar(100) DEFAULT NULL,
  `fam_occupation` varchar(100) DEFAULT NULL,
  `fam_aadhar` varchar(100) DEFAULT NULL,
  `fam_mobile` varchar(100) NOT NULL,
  `insert_login_id` int(11) DEFAULT NULL,
  `update_login_id` int(11) DEFAULT NULL,
  `created_on` date DEFAULT NULL,
  `updated_on` date DEFAULT NULL
) ENGINE=InnoDB DEFAULT CHARSET=utf8mb4 COLLATE=utf8mb4_general_ci;

-- --------------------------------------------------------

--
-- Table structure for table `group_creation`
--

CREATE TABLE `group_creation` (
  `id` int(11) NOT NULL,
  `grp_id` varchar(100) NOT NULL,
  `grp_name` varchar(255) NOT NULL,
  `chit_value` bigint(20) NOT NULL,
  `date` int(11) NOT NULL,
  `commission` float NOT NULL,
  `hours` int(11) NOT NULL,
  `minutes` int(11) NOT NULL,
  `ampm` varchar(10) NOT NULL,
  `total_members` int(11) NOT NULL,
  `total_months` int(11) NOT NULL,
  `start_month` varchar(50) NOT NULL,
  `end_month` varchar(50) NOT NULL,
  `branch` int(11) NOT NULL,
  `grace_period` int(11) NOT NULL,
  `status` varchar(100) NOT NULL,
  `insert_login_id` int(11) DEFAULT NULL,
  `update_login_id` int(11) DEFAULT NULL,
  `created_on` date DEFAULT NULL,
  `updated_on` date DEFAULT NULL
) ENGINE=InnoDB DEFAULT CHARSET=utf8mb4 COLLATE=utf8mb4_general_ci;

-- --------------------------------------------------------

--
-- Table structure for table `group_cus_mapping`
--

CREATE TABLE `group_cus_mapping` (
  `id` int(11) NOT NULL,
  `map_id` varchar(100) NOT NULL,
  `grp_creation_id` varchar(100) NOT NULL,
  `joining_month` int(11) NOT NULL,
  `created_on` date DEFAULT NULL,
  `insert_login_id` int(11) NOT NULL
) ENGINE=InnoDB DEFAULT CHARSET=utf8mb4 COLLATE=utf8mb4_general_ci;

-- --------------------------------------------------------

--
-- Table structure for table `group_share`
--

CREATE TABLE `group_share` (
  `id` int(11) NOT NULL,
  `cus_mapping_id` int(11) NOT NULL,
  `cus_id` int(11) NOT NULL,
  `grp_creation_id` varchar(100) NOT NULL,
  `share_value` varchar(100) NOT NULL,
  `share_percent` varchar(100) NOT NULL,
  `coll_status` varchar(100) DEFAULT NULL,
  `settle_status` varchar(100) DEFAULT NULL,
  `created_on` date DEFAULT NULL,
  `insert_login_id` int(11) NOT NULL
) ENGINE=InnoDB DEFAULT CHARSET=utf8mb4 COLLATE=utf8mb4_general_ci;

-- --------------------------------------------------------

--
-- Table structure for table `guarantor_info`
--

CREATE TABLE `guarantor_info` (
  `id` int(11) NOT NULL,
  `cus_id` varchar(100) NOT NULL,
  `relationship_type` varchar(100) NOT NULL,
  `family_id` varchar(100) NOT NULL,
  `existing_cus_id` varchar(100) DEFAULT NULL,
  `guarantor_name` varchar(100) NOT NULL,
  `guarantor_relationship` varchar(100) NOT NULL,
  `details` varchar(100) DEFAULT NULL,
  `gu_pic` varchar(100) DEFAULT NULL,
  `insert_login_id` int(11) DEFAULT NULL,
  `update_login_id` int(11) DEFAULT NULL,
  `created_on` date DEFAULT NULL,
  `updated_on` date DEFAULT NULL
) ENGINE=InnoDB DEFAULT CHARSET=utf8mb4 COLLATE=utf8mb4_general_ci;

-- --------------------------------------------------------

--
-- Table structure for table `menu_list`
--

CREATE TABLE `menu_list` (
  `id` int(11) NOT NULL,
  `menu` varchar(100) NOT NULL,
  `link` varchar(100) NOT NULL,
  `icon` varchar(100) NOT NULL
) ENGINE=InnoDB DEFAULT CHARSET=utf8mb4 COLLATE=utf8mb4_general_ci COMMENT='All Main Menu''s will be placed here';

--
-- Dumping data for table `menu_list`
--

INSERT INTO `menu_list` (`id`, `menu`, `link`, `icon`) VALUES
(1, 'Dashboard', 'dashboard', 'developer_board'),
(2, 'Master', 'master', 'camera1'),
(3, 'Administration', 'admin', 'layers'),
(4, 'Auction', 'auction', 'wallet'),
(5, 'Settlement', 'settlement', 'uninstall'),
(6, 'Collection', 'collection', 'credit'),
(7, 'Accounts', 'accounts', 'domain'),
(8, 'Customer Data', 'customer_data', 'folder_shared'),
(9, 'Group Summary', 'group_summary', 'share1'),
(16, 'Enquiry', 'enquiry', 'ring_volume'),
(17, 'Reports', 'reports', 'assignment_turned_in'),
(18, 'Bulk Upload', 'bulk_upload', 'cloud_upload');

-- --------------------------------------------------------

--
-- Table structure for table `noc`
--

CREATE TABLE `noc` (
  `id` int(11) NOT NULL,
  `doc_id` int(11) NOT NULL,
  `cus_id` varchar(100) NOT NULL,
  `document_list` int(11) NOT NULL DEFAULT 0,
  `noc_status` int(11) NOT NULL DEFAULT 0,
  `insert_login_id` int(11) NOT NULL,
  `update_login_id` int(11) DEFAULT NULL,
  `created_on` date DEFAULT NULL,
  `updated_on` date DEFAULT NULL
) ENGINE=InnoDB DEFAULT CHARSET=utf8mb4 COLLATE=utf8mb4_general_ci;

-- --------------------------------------------------------

--
-- Table structure for table `noc_ref`
--

CREATE TABLE `noc_ref` (
  `id` int(11) NOT NULL,
  `noc_id` int(11) NOT NULL,
  `date_of_noc` date NOT NULL,
  `noc_member` varchar(150) NOT NULL,
  `noc_relationship` varchar(150) NOT NULL,
  `created_on` date DEFAULT NULL
) ENGINE=InnoDB DEFAULT CHARSET=utf8mb4 COLLATE=utf8mb4_general_ci;

-- --------------------------------------------------------

--
-- Table structure for table `other_transaction`
--

CREATE TABLE `other_transaction` (
  `id` int(11) NOT NULL,
  `coll_mode` int(11) NOT NULL,
  `bank_id` varchar(50) DEFAULT NULL,
  `trans_cat` int(11) NOT NULL,
  `group_id` varchar(100) DEFAULT NULL,
  `name` varchar(100) DEFAULT NULL,
  `group_mem` varchar(11) DEFAULT NULL,
  `type` int(11) NOT NULL,
  `ref_id` varchar(100) DEFAULT NULL,
  `trans_id` varchar(100) NOT NULL,
  `user_name` int(11) DEFAULT NULL,
  `amount` varchar(150) NOT NULL,
  `auction_month` varchar(11) DEFAULT NULL,
  `remark` varchar(255) NOT NULL,
  `insert_login_id` int(11) NOT NULL,
  `created_on` datetime DEFAULT NULL
) ENGINE=InnoDB DEFAULT CHARSET=utf8mb4 COLLATE=utf8mb4_general_ci;

-- --------------------------------------------------------

--
-- Table structure for table `other_trans_name`
--

CREATE TABLE `other_trans_name` (
  `id` int(11) NOT NULL,
  `trans_cat` int(11) NOT NULL,
  `name` varchar(150) NOT NULL,
  `insert_login_id` int(11) NOT NULL,
  `created_on` date NOT NULL
) ENGINE=InnoDB DEFAULT CHARSET=utf8mb4 COLLATE=utf8mb4_general_ci;

-- --------------------------------------------------------

--
-- Table structure for table `place`
--

CREATE TABLE `place` (
  `id` int(11) NOT NULL,
  `place` varchar(150) NOT NULL,
  `insert_login_id` int(11) DEFAULT NULL,
  `update_login_id` int(11) DEFAULT NULL,
  `created_on` date DEFAULT NULL,
  `updated_on` date DEFAULT NULL
) ENGINE=InnoDB DEFAULT CHARSET=utf8mb4 COLLATE=utf8mb4_general_ci;

-- --------------------------------------------------------

--
-- Table structure for table `role`
--

CREATE TABLE `role` (
  `id` int(11) NOT NULL,
  `role` varchar(150) NOT NULL,
  `insert_login_id` int(11) NOT NULL,
  `update_login_id` int(11) DEFAULT NULL,
  `created_on` date DEFAULT NULL,
  `updated_on` date DEFAULT NULL
) ENGINE=InnoDB DEFAULT CHARSET=utf8mb4 COLLATE=utf8mb4_general_ci;

-- --------------------------------------------------------

--
-- Table structure for table `settlement_info`
--

CREATE TABLE `settlement_info` (
  `id` int(11) NOT NULL,
  `auction_id` int(11) NOT NULL,
  `settle_date` date NOT NULL,
  `group_id` varchar(100) DEFAULT NULL,
  `cus_name` varchar(100) DEFAULT NULL,
  `auction_month` int(11) DEFAULT NULL,
  `settle_amount` varchar(100) NOT NULL,
  `settle_balance` varchar(100) NOT NULL,
  `payment_type` varchar(100) NOT NULL,
  `settle_type` varchar(100) NOT NULL,
  `bank_id` varchar(100) DEFAULT NULL,
  `settle_cash` varchar(100) DEFAULT NULL,
  `cheque_no` varchar(100) DEFAULT NULL,
  `cheque_val` varchar(100) DEFAULT NULL,
  `cheque_remark` varchar(100) DEFAULT NULL,
  `transaction_id` varchar(100) DEFAULT NULL,
  `transaction_val` varchar(100) DEFAULT NULL,
  `transaction_remark` varchar(100) DEFAULT NULL,
  `balance_amount` varchar(100) DEFAULT NULL,
  `guarantor_name` varchar(100) NOT NULL,
  `guarantor_relationship` varchar(100) NOT NULL,
  `den_upload` varchar(100) DEFAULT NULL,
  `insert_login_id` int(11) DEFAULT NULL,
  `update_login_id` int(11) DEFAULT NULL,
  `created_on` date DEFAULT NULL,
  `updated_on` date DEFAULT NULL
) ENGINE=InnoDB DEFAULT CHARSET=utf8mb4 COLLATE=utf8mb4_general_ci;

-- --------------------------------------------------------

--
-- Table structure for table `sms_remider_history`
--

CREATE TABLE `sms_remider_history` (
  `id` int(11) NOT NULL,
  `grp_id` varchar(150) NOT NULL,
  `insert_login_id` int(11) NOT NULL,
  `created_on` date NOT NULL
) ENGINE=InnoDB DEFAULT CHARSET=utf8mb4 COLLATE=utf8mb4_general_ci;

-- --------------------------------------------------------

--
-- Table structure for table `source`
--

CREATE TABLE `source` (
  `id` int(11) NOT NULL,
  `cus_id` varchar(100) NOT NULL,
  `occupation` varchar(100) NOT NULL,
  `occ_detail` varchar(100) NOT NULL,
  `occ_place` varchar(100) DEFAULT NULL,
  `source` varchar(100) DEFAULT NULL,
  `income` varchar(100) NOT NULL,
  `insert_login_id` int(11) NOT NULL,
  `update_login_id` int(11) DEFAULT NULL,
  `created_on` date DEFAULT NULL,
  `updated_on` date DEFAULT NULL
) ENGINE=InnoDB DEFAULT CHARSET=utf8mb4 COLLATE=utf8mb4_general_ci;

-- --------------------------------------------------------

--
-- Table structure for table `states`
--

CREATE TABLE `states` (
  `id` int(11) NOT NULL,
  `state_name` varchar(50) NOT NULL,
  `status` int(11) NOT NULL DEFAULT 1
) ENGINE=InnoDB DEFAULT CHARSET=utf8mb4 COLLATE=utf8mb4_general_ci;

--
-- Dumping data for table `states`
--

INSERT INTO `states` (`id`, `state_name`, `status`) VALUES
(1, 'Tamil Nadu', 1),
(2, 'Puducherry', 1);

-- --------------------------------------------------------

--
-- Table structure for table `sub_menu_list`
--

CREATE TABLE `sub_menu_list` (
  `id` int(11) NOT NULL,
  `main_menu` int(11) NOT NULL,
  `sub_menu` varchar(100) NOT NULL,
  `link` varchar(100) NOT NULL,
  `icon` varchar(100) NOT NULL
) ENGINE=InnoDB DEFAULT CHARSET=utf8mb4 COLLATE=utf8mb4_general_ci COMMENT='All Sub menu of the project should be placed here';

--
-- Dumping data for table `sub_menu_list`
--

INSERT INTO `sub_menu_list` (`id`, `main_menu`, `sub_menu`, `link`, `icon`) VALUES
(1, 1, 'Dashboard', 'dashboard', 'view_comfy'),
(2, 2, 'Company Creation', 'company_creation', 'domain'),
(3, 2, 'Branch Creation', 'branch_creation', 'add-to-list'),
(4, 2, 'Customer Creation', 'customer_creation', 'recent_actors'),
(5, 2, 'Group Creation', 'group_creation', 'person_add'),
(6, 3, 'Bank Creation', 'bank_creation', 'store_mall_directory'),
(7, 3, 'User Creation', 'user_creation', 'group_add'),
(8, 4, 'Auction', 'auction', 'local_library'),
(9, 5, 'Settlement', 'settlement', 'circle-with-cross'),
(10, 6, 'Collection', 'collection', 'devices_other'),
(11, 7, 'Accounts', 'accounts', 'rate_review'),
(12, 8, 'Customer Data', 'customer_data', 'person_pin'),
(13, 9, 'Group Summary', 'group_summary', 'event_available'),
(14, 16, 'Enquiry Creation', 'enquiry_creation', 'phone'),
(15, 7, 'Balance Sheet', 'balance_sheet', 'colours'),
(17, 17, 'Expenses Report', 'expenses_report', 'area-graph'),
(18, 17, 'Other Transaction Report', 'other_transaction_report', 'event_note'),
(19, 18, 'Bulk Upload', 'bulk_upload', 'cloud_done');

-- --------------------------------------------------------

--
-- Table structure for table `taluks`
--

CREATE TABLE `taluks` (
  `id` int(11) NOT NULL,
  `state_id` int(11) NOT NULL,
  `district_id` int(11) NOT NULL,
  `taluk_name` varchar(50) NOT NULL,
  `status` int(11) NOT NULL DEFAULT 1
) ENGINE=InnoDB DEFAULT CHARSET=utf8mb4 COLLATE=utf8mb4_general_ci;

--
-- Dumping data for table `taluks`
--

INSERT INTO `taluks` (`id`, `state_id`, `district_id`, `taluk_name`, `status`) VALUES
(1, 1, 1, 'Ariyalur', 1),
(2, 1, 1, 'Andimadam', 1),
(3, 1, 1, 'Sendurai', 1),
(4, 1, 1, 'Udaiyarpalayam', 1),
(5, 1, 2, 'Alandur', 1),
(6, 1, 2, 'Ambattur', 1),
(7, 1, 2, 'Aminjikarai', 1),
(8, 1, 2, 'Ayanavaram', 1),
(9, 1, 2, 'Egmore', 1),
(10, 1, 2, 'Guindy', 1),
(11, 1, 2, 'Madhavaram', 1),
(12, 1, 2, 'Madhuravoyal', 1),
(13, 1, 2, 'Mambalam', 1),
(14, 1, 2, 'Mylapore', 1),
(15, 1, 2, 'Perambur', 1),
(16, 1, 2, 'Purasavakkam', 1),
(17, 1, 2, 'Sholinganallur', 1),
(18, 1, 2, 'Thiruvottriyur', 1),
(19, 1, 2, 'Tondiarpet', 1),
(20, 1, 2, 'Velacherry', 1),
(21, 1, 3, 'Chengalpattu', 1),
(22, 1, 3, 'Cheyyur', 1),
(23, 1, 3, 'Maduranthakam', 1),
(24, 1, 3, 'Pallavaram', 1),
(25, 1, 3, 'Tambaram', 1),
(26, 1, 3, 'Thirukalukundram', 1),
(27, 1, 3, 'Tiruporur', 1),
(28, 1, 3, 'Vandalur', 1),
(29, 1, 4, 'Aanaimalai', 1),
(30, 1, 4, 'Annur', 1),
(31, 1, 4, 'Coimbatore(North)', 1),
(32, 1, 4, 'Coimbatore(South)', 1),
(33, 1, 4, 'Kinathukadavu', 1),
(34, 1, 4, 'Madukarai', 1),
(35, 1, 4, 'Mettupalayam', 1),
(36, 1, 4, 'Perur', 1),
(37, 1, 4, 'Pollachi', 1),
(38, 1, 4, 'Sulur', 1),
(39, 1, 4, 'Valparai', 1),
(40, 1, 5, 'Cuddalore', 1),
(41, 1, 5, 'Bhuvanagiri', 1),
(42, 1, 5, 'Chidambaram', 1),
(43, 1, 5, 'Kattumannarkoil', 1),
(44, 1, 5, 'Kurinjipadi', 1),
(45, 1, 5, 'Panruti', 1),
(46, 1, 5, 'Srimushnam', 1),
(47, 1, 5, 'Thittakudi', 1),
(48, 1, 5, 'Veppur', 1),
(49, 1, 5, 'Virudhachalam', 1),
(50, 1, 6, 'Dharmapuri', 1),
(51, 1, 6, 'Harur', 1),
(52, 1, 6, 'Karimangalam', 1),
(53, 1, 6, 'Nallampalli', 1),
(54, 1, 6, 'Palacode', 1),
(55, 1, 6, 'Pappireddipatti', 1),
(56, 1, 6, 'Pennagaram', 1),
(57, 1, 7, 'Atthur', 1),
(58, 1, 7, 'Dindigul(East)', 1),
(59, 1, 7, 'Dindigul(West)', 1),
(60, 1, 7, 'Guziliyamparai', 1),
(61, 1, 7, 'Kodaikanal', 1),
(62, 1, 7, 'Natham', 1),
(63, 1, 7, 'Nilakottai', 1),
(64, 1, 7, 'Oddanchatram', 1),
(65, 1, 7, 'Palani', 1),
(66, 1, 7, 'Vedasandur', 1),
(67, 1, 8, 'Erode', 1),
(68, 1, 8, 'Anthiyur', 1),
(69, 1, 8, 'Bhavani', 1),
(70, 1, 8, 'Gobichettipalayam', 1),
(71, 1, 8, 'Kodumudi', 1),
(72, 1, 8, 'Modakurichi', 1),
(73, 1, 8, 'Nambiyur', 1),
(74, 1, 8, 'Perundurai', 1),
(75, 1, 8, 'Sathiyamangalam', 1),
(76, 1, 8, 'Thalavadi', 1),
(77, 1, 9, 'Kallakurichi', 1),
(78, 1, 9, 'Chinnaselam', 1),
(79, 1, 9, 'Kalvarayan Hills', 1),
(80, 1, 9, 'Sankarapuram', 1),
(81, 1, 9, 'Tirukoilur', 1),
(82, 1, 9, 'Ulundurpet', 1),
(83, 1, 10, 'Kancheepuram', 1),
(84, 1, 10, 'Kundrathur', 1),
(85, 1, 10, 'Sriperumbudur', 1),
(86, 1, 10, 'Uthiramerur', 1),
(87, 1, 10, 'Walajabad', 1),
(88, 1, 11, 'Agasteeswaram', 1),
(89, 1, 11, 'Kalkulam', 1),
(90, 1, 11, 'Killiyur', 1),
(91, 1, 11, 'Thiruvatar', 1),
(92, 1, 11, 'Thovalai', 1),
(93, 1, 11, 'Vilavankodu', 1),
(94, 1, 12, 'Karur', 1),
(95, 1, 12, 'Aravakurichi', 1),
(96, 1, 12, 'Kadavur', 1),
(97, 1, 12, 'Krishnarayapuram', 1),
(98, 1, 12, 'Kulithalai', 1),
(99, 1, 12, 'Manmangalam', 1),
(100, 1, 12, 'Pugalur', 1),
(101, 1, 13, 'Krishnagiri', 1),
(102, 1, 13, 'Anjetty', 1),
(103, 1, 13, 'Bargur', 1),
(104, 1, 13, 'Hosur', 1),
(105, 1, 13, 'Pochampalli', 1),
(106, 1, 13, 'Sulagiri', 1),
(107, 1, 13, 'Thenkanikottai', 1),
(108, 1, 13, 'Uthangarai', 1),
(109, 1, 14, 'Kallikudi', 1),
(110, 1, 14, 'Madurai (East)', 1),
(111, 1, 14, 'Madurai (North)', 1),
(112, 1, 14, 'Madurai (South)', 1),
(113, 1, 14, 'Madurai (West)', 1),
(114, 1, 14, 'Melur', 1),
(115, 1, 14, 'Peraiyur', 1),
(116, 1, 14, 'Thirumangalam', 1),
(117, 1, 14, 'Thiruparankundram', 1),
(118, 1, 14, 'Usilampatti', 1),
(119, 1, 14, 'Vadipatti', 1),
(120, 1, 15, 'Mayiladuthurai', 1),
(121, 1, 15, 'Kuthalam', 1),
(122, 1, 15, 'Sirkali', 1),
(123, 1, 15, 'Tharangambadi', 1),
(124, 1, 16, 'Nagapattinam', 1),
(125, 1, 16, 'Kilvelur', 1),
(126, 1, 16, 'Thirukkuvalai', 1),
(127, 1, 16, 'Vedaranyam', 1),
(128, 1, 17, 'Namakkal', 1),
(129, 1, 17, 'Kholli Hills', 1),
(130, 1, 17, 'Kumarapalayam', 1),
(131, 1, 17, 'Mohanoor', 1),
(132, 1, 17, 'Paramathi Velur', 1),
(133, 1, 17, 'Rasipuram', 1),
(134, 1, 17, 'Senthamangalam', 1),
(135, 1, 17, 'Tiruchengode', 1),
(136, 1, 18, 'Udagamandalam', 1),
(137, 1, 18, 'Coonoor', 1),
(138, 1, 18, 'Gudalur', 1),
(139, 1, 18, 'Kothagiri', 1),
(140, 1, 18, 'Kundah', 1),
(141, 1, 18, 'Pandalur', 1),
(142, 1, 19, 'Perambalur', 1),
(143, 1, 19, 'Alathur', 1),
(144, 1, 19, 'Kunnam', 1),
(145, 1, 19, 'Veppanthattai', 1),
(146, 1, 20, 'Pudukottai', 1),
(147, 1, 20, 'Alangudi', 1),
(148, 1, 20, 'Aranthangi', 1),
(149, 1, 20, 'Avudiyarkoil', 1),
(150, 1, 20, 'Gandarvakottai', 1),
(151, 1, 20, 'Iluppur', 1),
(152, 1, 20, 'Karambakudi', 1),
(153, 1, 20, 'Kulathur', 1),
(154, 1, 20, 'Manamelkudi', 1),
(155, 1, 20, 'Ponnamaravathi', 1),
(156, 1, 20, 'Thirumayam', 1),
(157, 1, 20, 'Viralimalai', 1),
(158, 1, 21, 'Ramanathapuram', 1),
(159, 1, 21, 'Kadaladi', 1),
(160, 1, 21, 'Kamuthi', 1),
(161, 1, 21, 'Kezhakarai', 1),
(162, 1, 21, 'Mudukulathur', 1),
(163, 1, 21, 'Paramakudi', 1),
(164, 1, 21, 'Rajasingamangalam', 1),
(165, 1, 21, 'Rameswaram', 1),
(166, 1, 21, 'Tiruvadanai', 1),
(167, 1, 22, 'Arakkonam', 1),
(168, 1, 22, 'Arcot', 1),
(169, 1, 22, 'Kalavai', 1),
(170, 1, 22, 'Nemili', 1),
(171, 1, 22, 'Sholingur', 1),
(172, 1, 22, 'Walajah', 1),
(173, 1, 23, 'Salem', 1),
(174, 1, 23, 'Attur', 1),
(175, 1, 23, 'Edapadi', 1),
(176, 1, 23, 'Gangavalli', 1),
(177, 1, 23, 'Kadaiyampatti', 1),
(178, 1, 23, 'Mettur', 1),
(179, 1, 23, 'Omalur', 1),
(180, 1, 23, 'Pethanayakanpalayam', 1),
(181, 1, 23, 'Salem South', 1),
(182, 1, 23, 'Salem West', 1),
(183, 1, 23, 'Sankari', 1),
(184, 1, 23, 'Vazhapadi', 1),
(185, 1, 23, 'Yercaud', 1),
(186, 1, 24, 'Sivagangai', 1),
(187, 1, 24, 'Devakottai', 1),
(188, 1, 24, 'Ilayankudi', 1),
(189, 1, 24, 'Kalaiyarkovil', 1),
(190, 1, 24, 'Karaikudi', 1),
(191, 1, 24, 'Manamadurai', 1),
(192, 1, 24, 'Singampunari', 1),
(193, 1, 24, 'Thirupuvanam', 1),
(194, 1, 24, 'Tirupathur', 1),
(195, 1, 25, 'Tenkasi', 1),
(196, 1, 25, 'Alangulam', 1),
(197, 1, 25, 'Kadayanallur', 1),
(198, 1, 25, 'Sankarankovil', 1),
(199, 1, 25, 'Shenkottai', 1),
(200, 1, 25, 'Sivagiri', 1),
(201, 1, 25, 'Thiruvengadam', 1),
(202, 1, 25, 'Veerakeralampudur', 1),
(203, 1, 26, 'Thanjavur', 1),
(204, 1, 26, 'Boothalur', 1),
(205, 1, 26, 'Kumbakonam', 1),
(206, 1, 26, 'Orathanadu', 1),
(207, 1, 26, 'Papanasam', 1),
(208, 1, 26, 'Pattukottai', 1),
(209, 1, 26, 'Peravurani', 1),
(210, 1, 26, 'Thiruvaiyaru', 1),
(211, 1, 26, 'Thiruvidaimaruthur', 1),
(212, 1, 27, 'Theni', 1),
(213, 1, 27, 'Aandipatti', 1),
(214, 1, 27, 'Bodinayakanur', 1),
(215, 1, 27, 'Periyakulam', 1),
(216, 1, 27, 'Uthamapalayam', 1),
(217, 1, 28, 'Thoothukudi', 1),
(218, 1, 28, 'Eral', 1),
(219, 1, 28, 'Ettayapuram', 1),
(220, 1, 28, 'Kayathar', 1),
(221, 1, 28, 'Kovilpatti', 1),
(222, 1, 28, 'Ottapidaram', 1),
(223, 1, 28, 'Sattankulam', 1),
(224, 1, 28, 'Srivaikundam', 1),
(225, 1, 28, 'Tiruchendur', 1),
(226, 1, 28, 'Vilathikulam', 1),
(227, 1, 29, 'Lalgudi', 1),
(228, 1, 29, 'Manachanallur', 1),
(229, 1, 29, 'Manapparai', 1),
(230, 1, 29, 'Marungapuri', 1),
(231, 1, 29, 'Musiri', 1),
(232, 1, 29, 'Srirangam', 1),
(233, 1, 29, 'Thottiam', 1),
(234, 1, 29, 'Thuraiyur', 1),
(235, 1, 29, 'Tiruchirapalli (West)', 1),
(236, 1, 29, 'Tiruchirappalli (East)', 1),
(237, 1, 29, 'Tiruverumbur', 1),
(238, 1, 30, 'Tirunelveli', 1),
(239, 1, 30, 'Ambasamudram', 1),
(240, 1, 30, 'Cheranmahadevi', 1),
(241, 1, 30, 'Manur', 1),
(242, 1, 30, 'Nanguneri', 1),
(243, 1, 30, 'Palayamkottai', 1),
(244, 1, 30, 'Radhapuram', 1),
(245, 1, 30, 'Thisayanvilai', 1),
(246, 1, 31, 'Avinashi', 1),
(247, 1, 31, 'Dharapuram', 1),
(248, 1, 31, 'Kangeyam', 1),
(249, 1, 31, 'Madathukkulam', 1),
(250, 1, 31, 'Oothukuli', 1),
(251, 1, 31, 'Palladam', 1),
(252, 1, 31, 'Tiruppur (North)', 1),
(253, 1, 31, 'Tiruppur (South)', 1),
(254, 1, 31, 'Udumalaipettai', 1),
(255, 1, 32, 'Tirupathur\"', 1),
(256, 1, 32, 'Ambur', 1),
(257, 1, 32, 'Natrampalli', 1),
(258, 1, 32, 'Vaniyambadi', 1),
(259, 1, 33, 'Thiruvallur', 1),
(260, 1, 33, 'Avadi', 1),
(261, 1, 33, 'Gummidipoondi', 1),
(262, 1, 33, 'Pallipattu', 1),
(263, 1, 33, 'Ponneri', 1),
(264, 1, 33, 'Poonamallee', 1),
(265, 1, 33, 'R.K. Pet', 1),
(266, 1, 33, 'Tiruthani', 1),
(267, 1, 33, 'Uthukottai', 1),
(268, 1, 34, 'Thiruvannamalai', 1),
(269, 1, 34, 'Arni', 1),
(270, 1, 34, 'Chengam', 1),
(271, 1, 34, 'Chetpet', 1),
(272, 1, 34, 'Cheyyar', 1),
(273, 1, 34, 'Jamunamarathur', 1),
(274, 1, 34, 'Kalasapakkam', 1),
(275, 1, 34, 'Kilpennathur', 1),
(276, 1, 34, 'Polur', 1),
(277, 1, 34, 'Thandramet', 1),
(278, 1, 34, 'Vandavasi', 1),
(279, 1, 34, 'Vembakkam', 1),
(280, 1, 35, 'Thiruvarur', 1),
(281, 1, 35, 'Kodavasal', 1),
(282, 1, 35, 'Koothanallur', 1),
(283, 1, 35, 'Mannargudi', 1),
(284, 1, 35, 'Nannilam', 1),
(285, 1, 35, 'Needamangalam', 1),
(286, 1, 35, 'Thiruthuraipoondi', 1),
(287, 1, 35, 'Valangaiman', 1),
(288, 1, 36, 'Vellore', 1),
(289, 1, 36, 'Aanikattu', 1),
(290, 1, 36, 'Gudiyatham', 1),
(291, 1, 36, 'K V Kuppam', 1),
(292, 1, 36, 'Katpadi', 1),
(293, 1, 36, 'Pernambut', 1),
(294, 1, 37, 'Villupuram', 1),
(295, 1, 37, 'Gingee', 1),
(296, 1, 37, 'Kandachipuram', 1),
(297, 1, 37, 'Marakanam', 1),
(298, 1, 37, 'Melmalaiyanur', 1),
(299, 1, 37, 'Thiruvennainallur', 1),
(300, 1, 37, 'Tindivanam', 1),
(301, 1, 37, 'Vanur', 1),
(302, 1, 37, 'Vikravandi', 1),
(303, 1, 38, 'Virudhunagar', 1),
(304, 1, 38, 'Aruppukottai', 1),
(305, 1, 38, 'Kariyapatti', 1),
(306, 1, 38, 'Rajapalayam', 1),
(307, 1, 38, 'Sathur', 1),
(308, 1, 38, 'Sivakasi', 1),
(309, 1, 38, 'Srivilliputhur', 1),
(310, 1, 38, 'Tiruchuli', 1),
(311, 1, 38, 'Vembakottai', 1),
(312, 1, 38, 'Watrap', 1),
(313, 2, 39, 'Puducherry', 1),
(314, 2, 39, 'Oulgaret', 1),
(315, 2, 39, 'Villianur', 1),
(316, 2, 39, 'Bahour', 1),
(317, 2, 39, 'Karaikal', 1),
(318, 2, 39, 'Thirunallar', 1),
(319, 2, 39, 'Mahe', 1),
(320, 2, 39, 'Yanam', 1);

-- --------------------------------------------------------

--
-- Table structure for table `users`
--

CREATE TABLE `users` (
  `id` int(11) NOT NULL,
  `name` varchar(100) NOT NULL,
  `user_code` varchar(100) NOT NULL,
  `role` int(11) NOT NULL,
  `address` varchar(100) NOT NULL,
  `place` int(11) NOT NULL,
  `email` varchar(100) NOT NULL,
  `mobile` varchar(100) NOT NULL,
  `user_name` varchar(255) NOT NULL,
  `password` varchar(255) NOT NULL,
  `branch` varchar(255) NOT NULL,
  `designation` int(11) NOT NULL,
  `occ_detail` varchar(255) DEFAULT NULL,
  `screens` varchar(255) NOT NULL,
  `insert_login_id` varchar(100) NOT NULL,
  `update_login_id` varchar(100) DEFAULT NULL,
  `created_on` date DEFAULT NULL,
  `updated_on` date DEFAULT NULL
) ENGINE=InnoDB DEFAULT CHARSET=utf8mb4 COLLATE=utf8mb4_general_ci COMMENT='All the users will be stored here with screen access details';

--
-- Dumping data for table `users`
--

INSERT INTO `users` (`id`, `name`, `user_code`, `role`, `address`, `place`, `email`, `mobile`, `user_name`, `password`, `branch`, `designation`, `occ_detail`, `screens`, `insert_login_id`, `update_login_id`, `created_on`, `updated_on`) VALUES
(1, 'Super Admin', 'US-001', 1, '', 1, '', '', 'admin', '123', '3', 1, '1,2', '1,2,3,4,5,6,7,8,9,10,11,15,12,13,14,16,17,18,19', '1', '1', '2024-06-13', '2024-08-30');

--
-- Indexes for dumped tables
--

--
-- Indexes for table `accounts_collect_entry`
--
ALTER TABLE `accounts_collect_entry`
  ADD PRIMARY KEY (`id`);

--
-- Indexes for table `auction_details`
--
ALTER TABLE `auction_details`
  ADD PRIMARY KEY (`id`);

--
-- Indexes for table `auction_modal`
--
ALTER TABLE `auction_modal`
  ADD PRIMARY KEY (`id`),
  ADD KEY `auc_id` (`auction_id`);

--
-- Indexes for table `bank_creation`
--
ALTER TABLE `bank_creation`
  ADD PRIMARY KEY (`id`);

--
-- Indexes for table `branch_creation`
--
ALTER TABLE `branch_creation`
  ADD PRIMARY KEY (`id`),
  ADD KEY `state_id` (`state`),
  ADD KEY `district_id` (`district`),
  ADD KEY `taluk_id` (`taluk`);

--
-- Indexes for table `collection`
--
ALTER TABLE `collection`
  ADD PRIMARY KEY (`id`);

--
-- Indexes for table `commitment_info`
--
ALTER TABLE `commitment_info`
  ADD PRIMARY KEY (`id`);

--
-- Indexes for table `company_creation`
--
ALTER TABLE `company_creation`
  ADD PRIMARY KEY (`id`),
  ADD KEY `State ids` (`state`),
  ADD KEY `District ids` (`district`),
  ADD KEY `Taluk ids` (`taluk`);

--
-- Indexes for table `customer_creation`
--
ALTER TABLE `customer_creation`
  ADD PRIMARY KEY (`id`),
  ADD KEY `places` (`place`);

--
-- Indexes for table `denomination_table`
--
ALTER TABLE `denomination_table`
  ADD PRIMARY KEY (`id`);

--
-- Indexes for table `denom_refer_table`
--
ALTER TABLE `denom_refer_table`
  ADD PRIMARY KEY (`id`);

--
-- Indexes for table `designation`
--
ALTER TABLE `designation`
  ADD PRIMARY KEY (`id`);

--
-- Indexes for table `districts`
--
ALTER TABLE `districts`
  ADD PRIMARY KEY (`id`),
  ADD KEY `State id` (`state_id`);

--
-- Indexes for table `document_info`
--
ALTER TABLE `document_info`
  ADD PRIMARY KEY (`id`);

--
-- Indexes for table `enquiry_creation`
--
ALTER TABLE `enquiry_creation`
  ADD PRIMARY KEY (`id`);

--
-- Indexes for table `enquiry_creation_customer`
--
ALTER TABLE `enquiry_creation_customer`
  ADD PRIMARY KEY (`id`);

--
-- Indexes for table `expenses`
--
ALTER TABLE `expenses`
  ADD PRIMARY KEY (`id`);

--
-- Indexes for table `family_info`
--
ALTER TABLE `family_info`
  ADD PRIMARY KEY (`id`);

--
-- Indexes for table `group_creation`
--
ALTER TABLE `group_creation`
  ADD PRIMARY KEY (`id`);

--
-- Indexes for table `group_cus_mapping`
--
ALTER TABLE `group_cus_mapping`
  ADD PRIMARY KEY (`id`);

--
-- Indexes for table `group_share`
--
ALTER TABLE `group_share`
  ADD PRIMARY KEY (`id`);

--
-- Indexes for table `guarantor_info`
--
ALTER TABLE `guarantor_info`
  ADD PRIMARY KEY (`id`);

--
-- Indexes for table `menu_list`
--
ALTER TABLE `menu_list`
  ADD PRIMARY KEY (`id`);

--
-- Indexes for table `noc`
--
ALTER TABLE `noc`
  ADD PRIMARY KEY (`id`),
  ADD KEY `doc_id` (`doc_id`);

--
-- Indexes for table `noc_ref`
--
ALTER TABLE `noc_ref`
  ADD PRIMARY KEY (`id`);

--
-- Indexes for table `other_transaction`
--
ALTER TABLE `other_transaction`
  ADD PRIMARY KEY (`id`);

--
-- Indexes for table `other_trans_name`
--
ALTER TABLE `other_trans_name`
  ADD PRIMARY KEY (`id`);

--
-- Indexes for table `place`
--
ALTER TABLE `place`
  ADD PRIMARY KEY (`id`);

--
-- Indexes for table `role`
--
ALTER TABLE `role`
  ADD PRIMARY KEY (`id`);

--
-- Indexes for table `settlement_info`
--
ALTER TABLE `settlement_info`
  ADD PRIMARY KEY (`id`);

--
-- Indexes for table `sms_remider_history`
--
ALTER TABLE `sms_remider_history`
  ADD PRIMARY KEY (`id`);

--
-- Indexes for table `source`
--
ALTER TABLE `source`
  ADD PRIMARY KEY (`id`);

--
-- Indexes for table `states`
--
ALTER TABLE `states`
  ADD PRIMARY KEY (`id`);

--
-- Indexes for table `sub_menu_list`
--
ALTER TABLE `sub_menu_list`
  ADD PRIMARY KEY (`id`),
  ADD KEY `Main menu id` (`main_menu`);

--
-- Indexes for table `taluks`
--
ALTER TABLE `taluks`
  ADD PRIMARY KEY (`id`),
  ADD KEY `District id` (`district_id`),
  ADD KEY `States id` (`state_id`);

--
-- Indexes for table `users`
--
ALTER TABLE `users`
  ADD PRIMARY KEY (`id`),
  ADD KEY `place` (`place`),
  ADD KEY `role` (`role`),
  ADD KEY `designation` (`designation`);

--
-- AUTO_INCREMENT for dumped tables
--

--
-- AUTO_INCREMENT for table `accounts_collect_entry`
--
ALTER TABLE `accounts_collect_entry`
  MODIFY `id` int(11) NOT NULL AUTO_INCREMENT;

--
-- AUTO_INCREMENT for table `auction_details`
--
ALTER TABLE `auction_details`
  MODIFY `id` int(11) NOT NULL AUTO_INCREMENT;

--
-- AUTO_INCREMENT for table `auction_modal`
--
ALTER TABLE `auction_modal`
  MODIFY `id` int(11) NOT NULL AUTO_INCREMENT;

--
-- AUTO_INCREMENT for table `bank_creation`
--
ALTER TABLE `bank_creation`
  MODIFY `id` int(11) NOT NULL AUTO_INCREMENT, AUTO_INCREMENT=2;

--
-- AUTO_INCREMENT for table `branch_creation`
--
ALTER TABLE `branch_creation`
  MODIFY `id` int(11) NOT NULL AUTO_INCREMENT, AUTO_INCREMENT=4;

--
-- AUTO_INCREMENT for table `collection`
--
ALTER TABLE `collection`
  MODIFY `id` int(11) NOT NULL AUTO_INCREMENT;

--
-- AUTO_INCREMENT for table `commitment_info`
--
ALTER TABLE `commitment_info`
  MODIFY `id` int(11) NOT NULL AUTO_INCREMENT;

--
-- AUTO_INCREMENT for table `company_creation`
--
ALTER TABLE `company_creation`
  MODIFY `id` int(11) NOT NULL AUTO_INCREMENT, AUTO_INCREMENT=2;

--
-- AUTO_INCREMENT for table `customer_creation`
--
ALTER TABLE `customer_creation`
  MODIFY `id` int(11) NOT NULL AUTO_INCREMENT;

--
-- AUTO_INCREMENT for table `denomination_table`
--
ALTER TABLE `denomination_table`
  MODIFY `id` int(11) NOT NULL AUTO_INCREMENT;

--
-- AUTO_INCREMENT for table `denom_refer_table`
--
ALTER TABLE `denom_refer_table`
  MODIFY `id` int(11) NOT NULL AUTO_INCREMENT;

--
-- AUTO_INCREMENT for table `designation`
--
ALTER TABLE `designation`
  MODIFY `id` int(11) NOT NULL AUTO_INCREMENT;

--
-- AUTO_INCREMENT for table `districts`
--
ALTER TABLE `districts`
  MODIFY `id` int(11) NOT NULL AUTO_INCREMENT, AUTO_INCREMENT=40;

--
-- AUTO_INCREMENT for table `document_info`
--
ALTER TABLE `document_info`
  MODIFY `id` int(11) NOT NULL AUTO_INCREMENT;

--
-- AUTO_INCREMENT for table `enquiry_creation`
--
ALTER TABLE `enquiry_creation`
  MODIFY `id` int(11) NOT NULL AUTO_INCREMENT;

--
-- AUTO_INCREMENT for table `enquiry_creation_customer`
--
ALTER TABLE `enquiry_creation_customer`
  MODIFY `id` int(11) NOT NULL AUTO_INCREMENT;

--
-- AUTO_INCREMENT for table `expenses`
--
ALTER TABLE `expenses`
  MODIFY `id` int(11) NOT NULL AUTO_INCREMENT;

--
-- AUTO_INCREMENT for table `family_info`
--
ALTER TABLE `family_info`
  MODIFY `id` int(11) NOT NULL AUTO_INCREMENT;

--
-- AUTO_INCREMENT for table `group_creation`
--
ALTER TABLE `group_creation`
  MODIFY `id` int(11) NOT NULL AUTO_INCREMENT;

--
-- AUTO_INCREMENT for table `group_cus_mapping`
--
ALTER TABLE `group_cus_mapping`
  MODIFY `id` int(11) NOT NULL AUTO_INCREMENT;

--
-- AUTO_INCREMENT for table `group_share`
--
ALTER TABLE `group_share`
  MODIFY `id` int(11) NOT NULL AUTO_INCREMENT;

--
-- AUTO_INCREMENT for table `guarantor_info`
--
ALTER TABLE `guarantor_info`
  MODIFY `id` int(11) NOT NULL AUTO_INCREMENT;

--
-- AUTO_INCREMENT for table `menu_list`
--
ALTER TABLE `menu_list`
  MODIFY `id` int(11) NOT NULL AUTO_INCREMENT, AUTO_INCREMENT=19;

--
-- AUTO_INCREMENT for table `noc`
--
ALTER TABLE `noc`
  MODIFY `id` int(11) NOT NULL AUTO_INCREMENT;

--
-- AUTO_INCREMENT for table `noc_ref`
--
ALTER TABLE `noc_ref`
  MODIFY `id` int(11) NOT NULL AUTO_INCREMENT;

--
-- AUTO_INCREMENT for table `other_transaction`
--
ALTER TABLE `other_transaction`
  MODIFY `id` int(11) NOT NULL AUTO_INCREMENT;

--
-- AUTO_INCREMENT for table `other_trans_name`
--
ALTER TABLE `other_trans_name`
  MODIFY `id` int(11) NOT NULL AUTO_INCREMENT;

--
-- AUTO_INCREMENT for table `place`
--
ALTER TABLE `place`
  MODIFY `id` int(11) NOT NULL AUTO_INCREMENT;

--
-- AUTO_INCREMENT for table `role`
--
ALTER TABLE `role`
  MODIFY `id` int(11) NOT NULL AUTO_INCREMENT;

--
-- AUTO_INCREMENT for table `settlement_info`
--
ALTER TABLE `settlement_info`
  MODIFY `id` int(11) NOT NULL AUTO_INCREMENT;

--
-- AUTO_INCREMENT for table `sms_remider_history`
--
ALTER TABLE `sms_remider_history`
  MODIFY `id` int(11) NOT NULL AUTO_INCREMENT;

--
-- AUTO_INCREMENT for table `source`
--
ALTER TABLE `source`
  MODIFY `id` int(11) NOT NULL AUTO_INCREMENT;

--
-- AUTO_INCREMENT for table `states`
--
ALTER TABLE `states`
  MODIFY `id` int(11) NOT NULL AUTO_INCREMENT, AUTO_INCREMENT=3;

--
-- AUTO_INCREMENT for table `sub_menu_list`
--
ALTER TABLE `sub_menu_list`
  MODIFY `id` int(11) NOT NULL AUTO_INCREMENT, AUTO_INCREMENT=30;

--
-- AUTO_INCREMENT for table `taluks`
--
ALTER TABLE `taluks`
  MODIFY `id` int(11) NOT NULL AUTO_INCREMENT, AUTO_INCREMENT=321;

--
-- AUTO_INCREMENT for table `users`
--
ALTER TABLE `users`
  MODIFY `id` int(11) NOT NULL AUTO_INCREMENT, AUTO_INCREMENT=19;

--
-- Constraints for dumped tables
--

--
-- Constraints for table `branch_creation`
--
ALTER TABLE `branch_creation`
  ADD CONSTRAINT `district_id` FOREIGN KEY (`district`) REFERENCES `districts` (`id`),
  ADD CONSTRAINT `state_id` FOREIGN KEY (`state`) REFERENCES `states` (`id`),
  ADD CONSTRAINT `taluk_id` FOREIGN KEY (`taluk`) REFERENCES `taluks` (`id`);

--
-- Constraints for table `company_creation`
--
ALTER TABLE `company_creation`
  ADD CONSTRAINT `District ids` FOREIGN KEY (`district`) REFERENCES `districts` (`id`),
  ADD CONSTRAINT `State ids` FOREIGN KEY (`state`) REFERENCES `states` (`id`),
  ADD CONSTRAINT `Taluk ids` FOREIGN KEY (`taluk`) REFERENCES `taluks` (`id`);

--
-- Constraints for table `customer_creation`
--
ALTER TABLE `customer_creation`
  ADD CONSTRAINT `place` FOREIGN KEY (`place`) REFERENCES `place` (`id`);

--
-- Constraints for table `districts`
--
ALTER TABLE `districts`
  ADD CONSTRAINT `State id` FOREIGN KEY (`state_id`) REFERENCES `states` (`id`);

--
-- Constraints for table `noc`
--
ALTER TABLE `noc`
  ADD CONSTRAINT `doc_id` FOREIGN KEY (`doc_id`) REFERENCES `document_info` (`id`);

--
-- Constraints for table `sub_menu_list`
--
ALTER TABLE `sub_menu_list`
  ADD CONSTRAINT `Main menu id` FOREIGN KEY (`main_menu`) REFERENCES `menu_list` (`id`);

--
-- Constraints for table `taluks`
--
ALTER TABLE `taluks`
  ADD CONSTRAINT `District id` FOREIGN KEY (`district_id`) REFERENCES `districts` (`id`),
  ADD CONSTRAINT `States id` FOREIGN KEY (`state_id`) REFERENCES `states` (`id`);
COMMIT;

/*!40101 SET CHARACTER_SET_CLIENT=@OLD_CHARACTER_SET_CLIENT */;
/*!40101 SET CHARACTER_SET_RESULTS=@OLD_CHARACTER_SET_RESULTS */;
/*!40101 SET COLLATION_CONNECTION=@OLD_COLLATION_CONNECTION */;
